x0,y0,x1,y1,influence,color
-196.52036,-95.45022,-127.57372,-60.307117,-6.0,"rgba(214, 39, 40, 0.3)"
-196.52036,-95.45022,-183.0109,-110.19726,-4.0,"rgba(214, 39, 40, 0.3)"
-196.52036,-95.45022,-172.76709,-36.455032,8.0,"rgba(31, 119, 180, 0.3)"
-196.52036,-95.45022,-101.686104,-20.26913,-4.0,"rgba(214, 39, 40, 0.3)"
-196.52036,-95.45022,-151.7666,-163.8993,-5.75,"rgba(214, 39, 40, 0.3)"
-196.52036,-95.45022,-214.4181,-138.8291,5.5,"rgba(31, 119, 180, 0.3)"
-196.52036,-95.45022,-128.30635,-145.6569,-6.0,"rgba(214, 39, 40, 0.3)"
-196.52036,-95.45022,-239.8921,-128.51259,7.0,"rgba(31, 119, 180, 0.3)"
-196.52036,-95.45022,-176.11249,-177.70094,4.0,"rgba(31, 119, 180, 0.3)"
-196.52036,-95.45022,-164.15318,-106.19687,-10.0,"rgba(214, 39, 40, 0.3)"
-196.52036,-95.45022,-186.70938,-129.05598,19.5,"rgba(31, 119, 180, 0.3)"
-196.52036,-95.45022,-217.18103,-53.281548,-5.0,"rgba(214, 39, 40, 0.3)"
-196.52036,-95.45022,-211.4924,-85.572876,5.25,"rgba(31, 119, 180, 0.3)"
-196.52036,-95.45022,-188.2004,-73.97981,4.0,"rgba(31, 119, 180, 0.3)"
-196.52036,-95.45022,-114.87455,-41.81274,-5.0,"rgba(214, 39, 40, 0.3)"
-196.52036,-95.45022,-171.2433,-118.19353,4.0,"rgba(31, 119, 180, 0.3)"
-196.52036,-95.45022,-109.08602,-88.18872,4.0,"rgba(31, 119, 180, 0.3)"
-196.52036,-95.45022,-204.01045,-130.31418,6.0,"rgba(31, 119, 180, 0.3)"
-127.57372,-60.307117,-104.052505,-64.917206,4.0,"rgba(31, 119, 180, 0.3)"
-127.57372,-60.307117,-153.79953,-67.47362,-5.0,"rgba(214, 39, 40, 0.3)"
-127.57372,-60.307117,-156.14174,-134.67906,-4.0,"rgba(214, 39, 40, 0.3)"
-127.57372,-60.307117,-53.84909,-79.70029,-6.0,"rgba(214, 39, 40, 0.3)"
-127.57372,-60.307117,-128.58014,-101.46902,13.0,"rgba(31, 119, 180, 0.3)"
-127.57372,-60.307117,-92.093834,-145.10529,-9.75,"rgba(214, 39, 40, 0.3)"
-127.57372,-60.307117,-54.530357,-149.17253,5.0,"rgba(31, 119, 180, 0.3)"
-127.57372,-60.307117,-140.31885,-140.74556,-6.0,"rgba(214, 39, 40, 0.3)"
-127.57372,-60.307117,-91.24852,-33.95837,-5.0,"rgba(214, 39, 40, 0.3)"
-127.57372,-60.307117,-92.64918,-54.98551,4.25,"rgba(31, 119, 180, 0.3)"
-127.57372,-60.307117,-205.29936,-47.577667,5.0,"rgba(31, 119, 180, 0.3)"
-127.57372,-60.307117,-200.00334,-65.43661,-4.0,"rgba(214, 39, 40, 0.3)"
-127.57372,-60.307117,-38.1417,-66.50739,4.0,"rgba(31, 119, 180, 0.3)"
-127.57372,-60.307117,-112.32087,-23.722107,4.5,"rgba(31, 119, 180, 0.3)"
-127.57372,-60.307117,-188.13496,-26.869944,-5.0,"rgba(214, 39, 40, 0.3)"
-127.57372,-60.307117,-76.38661,-45.192802,6.0,"rgba(31, 119, 180, 0.3)"
-127.57372,-60.307117,-114.87455,-41.81274,8.0,"rgba(31, 119, 180, 0.3)"
-127.57372,-60.307117,-110.426994,-146.82512,4.0,"rgba(31, 119, 180, 0.3)"
-127.57372,-60.307117,-168.8718,-9.658426,4.0,"rgba(31, 119, 180, 0.3)"
-127.57372,-60.307117,-145.09076,-2.3775296,4.75,"rgba(31, 119, 180, 0.3)"
-127.57372,-60.307117,-109.08602,-88.18872,-4.0,"rgba(214, 39, 40, 0.3)"
-127.57372,-60.307117,-153.39375,-17.023321,5.0,"rgba(31, 119, 180, 0.3)"
-75.24319,-145.65186,-92.093834,-145.10529,11.25,"rgba(31, 119, 180, 0.3)"
-75.24319,-145.65186,-128.58014,-101.46902,4.0,"rgba(31, 119, 180, 0.3)"
-75.24319,-145.65186,-151.7666,-163.8993,3.75,"rgba(31, 119, 180, 0.3)"
-75.24319,-145.65186,-66.73187,-100.08114,4.0,"rgba(31, 119, 180, 0.3)"
-92.093834,-145.10529,-138.45746,-176.08548,7.0,"rgba(31, 119, 180, 0.3)"
-92.093834,-145.10529,-164.90993,-55.44829,-6.0,"rgba(214, 39, 40, 0.3)"
-92.093834,-145.10529,-73.49588,-126.43893,-17.0,"rgba(214, 39, 40, 0.3)"
-92.093834,-145.10529,-123.62647,-167.71144,4.0,"rgba(31, 119, 180, 0.3)"
-92.093834,-145.10529,-73.99613,-154.54454,-6.0,"rgba(214, 39, 40, 0.3)"
-92.093834,-145.10529,-62.00485,-183.4444,4.0,"rgba(31, 119, 180, 0.3)"
-92.093834,-145.10529,-171.81343,-144.14935,13.5,"rgba(31, 119, 180, 0.3)"
-92.093834,-145.10529,-110.84124,-130.28773,4.75,"rgba(31, 119, 180, 0.3)"
-92.093834,-145.10529,-83.91298,-192.82695,5.0,"rgba(31, 119, 180, 0.3)"
-92.093834,-145.10529,-176.11249,-177.70094,-4.0,"rgba(214, 39, 40, 0.3)"
-92.093834,-145.10529,-76.38661,-45.192802,-6.0,"rgba(214, 39, 40, 0.3)"
-92.093834,-145.10529,-211.4924,-85.572876,-4.0,"rgba(214, 39, 40, 0.3)"
-92.093834,-145.10529,-63.6722,-151.10608,6.0,"rgba(31, 119, 180, 0.3)"
-92.093834,-145.10529,-109.08602,-88.18872,5.5,"rgba(31, 119, 180, 0.3)"
-92.093834,-145.10529,-106.51035,-180.83052,-4.0,"rgba(214, 39, 40, 0.3)"
-92.093834,-145.10529,-92.64918,-54.98551,-10.0,"rgba(214, 39, 40, 0.3)"
-128.58014,-101.46902,-54.1912,-134.60738,3.75,"rgba(31, 119, 180, 0.3)"
-128.58014,-101.46902,-172.76709,-36.455032,4.0,"rgba(31, 119, 180, 0.3)"
-128.58014,-101.46902,-200.00334,-65.43661,4.0,"rgba(31, 119, 180, 0.3)"
-128.58014,-101.46902,-73.49588,-126.43893,6.5,"rgba(31, 119, 180, 0.3)"
-128.58014,-101.46902,-43.271255,-150.09036,4.0,"rgba(31, 119, 180, 0.3)"
-128.58014,-101.46902,-151.7666,-163.8993,3.75,"rgba(31, 119, 180, 0.3)"
-128.58014,-101.46902,-171.81343,-144.14935,10.5,"rgba(31, 119, 180, 0.3)"
-128.58014,-101.46902,-110.84124,-130.28773,-4.0,"rgba(214, 39, 40, 0.3)"
-128.58014,-101.46902,-176.79291,-75.30071,-4.75,"rgba(214, 39, 40, 0.3)"
-128.58014,-101.46902,-214.4181,-138.8291,6.0,"rgba(31, 119, 180, 0.3)"
-128.58014,-101.46902,-70.30663,-57.175102,4.0,"rgba(31, 119, 180, 0.3)"
-128.58014,-101.46902,-73.99613,-154.54454,-7.0,"rgba(214, 39, 40, 0.3)"
-128.58014,-101.46902,-53.84909,-79.70029,-9.0,"rgba(214, 39, 40, 0.3)"
-128.58014,-101.46902,-184.81535,-156.0767,10.0,"rgba(31, 119, 180, 0.3)"
-128.58014,-101.46902,-175.24857,-102.283615,-5.0,"rgba(214, 39, 40, 0.3)"
-128.58014,-101.46902,-114.87455,-41.81274,5.5,"rgba(31, 119, 180, 0.3)"
-128.58014,-101.46902,-171.2433,-118.19353,-5.0,"rgba(214, 39, 40, 0.3)"
-128.58014,-101.46902,-182.01454,-60.39977,8.5,"rgba(31, 119, 180, 0.3)"
-128.58014,-101.46902,-149.19824,-49.638115,-4.0,"rgba(214, 39, 40, 0.3)"
-128.58014,-101.46902,-90.761856,-86.92836,-4.0,"rgba(214, 39, 40, 0.3)"
-128.58014,-101.46902,-205.29936,-47.577667,-5.25,"rgba(214, 39, 40, 0.3)"
-128.58014,-101.46902,-103.06737,-167.77542,4.0,"rgba(31, 119, 180, 0.3)"
-128.58014,-101.46902,-211.4924,-85.572876,4.0,"rgba(31, 119, 180, 0.3)"
-128.58014,-101.46902,-188.2004,-73.97981,8.0,"rgba(31, 119, 180, 0.3)"
-128.58014,-101.46902,-132.62785,-25.311127,4.0,"rgba(31, 119, 180, 0.3)"
-128.58014,-101.46902,-42.78029,-133.40608,4.0,"rgba(31, 119, 180, 0.3)"
-128.58014,-101.46902,-109.08602,-88.18872,5.0,"rgba(31, 119, 180, 0.3)"
-128.58014,-101.46902,-123.62647,-167.71144,9.0,"rgba(31, 119, 180, 0.3)"
-128.58014,-101.46902,-92.64918,-54.98551,9.5,"rgba(31, 119, 180, 0.3)"
-128.58014,-101.46902,-213.85544,-101.50167,3.75,"rgba(31, 119, 180, 0.3)"
-128.58014,-101.46902,-84.105644,-114.85921,4.5,"rgba(31, 119, 180, 0.3)"
-151.7666,-163.8993,-138.45746,-176.08548,12.5,"rgba(31, 119, 180, 0.3)"
-151.7666,-163.8993,-123.15391,-125.89968,6.0,"rgba(31, 119, 180, 0.3)"
-151.7666,-163.8993,-169.88733,-164.76266,4.5,"rgba(31, 119, 180, 0.3)"
-151.7666,-163.8993,-91.81441,-181.38875,10.0,"rgba(31, 119, 180, 0.3)"
-151.7666,-163.8993,-156.14174,-134.67906,5.0,"rgba(31, 119, 180, 0.3)"
-151.7666,-163.8993,-204.01045,-130.31418,-7.75,"rgba(214, 39, 40, 0.3)"
-151.7666,-163.8993,-177.88292,-189.99843,6.0,"rgba(31, 119, 180, 0.3)"
-151.7666,-163.8993,-110.84124,-130.28773,-5.0,"rgba(214, 39, 40, 0.3)"
-151.7666,-163.8993,-83.91298,-192.82695,11.0,"rgba(31, 119, 180, 0.3)"
-151.7666,-163.8993,-86.15698,-164.24432,21.25,"rgba(31, 119, 180, 0.3)"
-151.7666,-163.8993,-192.54527,-183.18443,-7.0,"rgba(214, 39, 40, 0.3)"
-151.7666,-163.8993,-186.70938,-129.05598,8.0,"rgba(31, 119, 180, 0.3)"
-151.7666,-163.8993,-184.81535,-156.0767,7.75,"rgba(31, 119, 180, 0.3)"
-66.73187,-100.08114,-104.052505,-64.917206,7.0,"rgba(31, 119, 180, 0.3)"
-66.73187,-100.08114,-138.45746,-176.08548,4.0,"rgba(31, 119, 180, 0.3)"
-66.73187,-100.08114,-79.92674,-72.76984,17.25,"rgba(31, 119, 180, 0.3)"
-66.73187,-100.08114,-101.686104,-20.26913,5.0,"rgba(31, 119, 180, 0.3)"
-66.73187,-100.08114,-73.49588,-126.43893,4.5,"rgba(31, 119, 180, 0.3)"
-66.73187,-100.08114,-143.59209,-110.705284,6.5,"rgba(31, 119, 180, 0.3)"
-66.73187,-100.08114,-38.1417,-66.50739,6.5,"rgba(31, 119, 180, 0.3)"
-66.73187,-100.08114,-53.84909,-79.70029,-4.25,"rgba(214, 39, 40, 0.3)"
-66.73187,-100.08114,-36.311,-90.812195,8.0,"rgba(31, 119, 180, 0.3)"
-66.73187,-100.08114,-164.15318,-106.19687,-11.0,"rgba(214, 39, 40, 0.3)"
-66.73187,-100.08114,-114.87455,-41.81274,7.0,"rgba(31, 119, 180, 0.3)"
-66.73187,-100.08114,-153.42534,-79.72359,-6.0,"rgba(214, 39, 40, 0.3)"
-66.73187,-100.08114,-110.426994,-146.82512,5.0,"rgba(31, 119, 180, 0.3)"
-66.73187,-100.08114,-91.24852,-33.95837,-4.0,"rgba(214, 39, 40, 0.3)"
-66.73187,-100.08114,-111.2322,-193.40863,-5.0,"rgba(214, 39, 40, 0.3)"
-66.73187,-100.08114,-128.30635,-145.6569,8.0,"rgba(31, 119, 180, 0.3)"
-66.73187,-100.08114,-182.01454,-60.39977,6.25,"rgba(31, 119, 180, 0.3)"
-66.73187,-100.08114,-22.680454,-75.86813,5.0,"rgba(31, 119, 180, 0.3)"
-66.73187,-100.08114,-76.38661,-45.192802,4.0,"rgba(31, 119, 180, 0.3)"
-66.73187,-100.08114,-42.78029,-133.40608,-5.0,"rgba(214, 39, 40, 0.3)"
-66.73187,-100.08114,-109.08602,-88.18872,6.5,"rgba(31, 119, 180, 0.3)"
-66.73187,-100.08114,-52.22952,-40.825874,7.0,"rgba(31, 119, 180, 0.3)"
-66.73187,-100.08114,-21.501413,-96.948685,-6.0,"rgba(214, 39, 40, 0.3)"
-66.73187,-100.08114,-38.13111,-138.97209,4.0,"rgba(31, 119, 180, 0.3)"
-66.73187,-100.08114,-84.105644,-114.85921,-7.0,"rgba(214, 39, 40, 0.3)"
-104.052505,-64.917206,-92.64918,-54.98551,-7.0,"rgba(214, 39, 40, 0.3)"
-104.052505,-64.917206,-60.85034,-162.84,4.0,"rgba(31, 119, 180, 0.3)"
-104.052505,-64.917206,-198.22543,-30.642487,6.0,"rgba(31, 119, 180, 0.3)"
-104.052505,-64.917206,-91.24852,-33.95837,5.0,"rgba(31, 119, 180, 0.3)"
-104.052505,-64.917206,-114.87455,-41.81274,4.75,"rgba(31, 119, 180, 0.3)"
-104.052505,-64.917206,-33.848755,-101.03206,5.0,"rgba(31, 119, 180, 0.3)"
-104.052505,-64.917206,-172.76709,-36.455032,4.0,"rgba(31, 119, 180, 0.3)"
-104.052505,-64.917206,-131.58337,-8.766836,-8.0,"rgba(214, 39, 40, 0.3)"
-104.052505,-64.917206,-79.92674,-72.76984,-4.0,"rgba(214, 39, 40, 0.3)"
-104.052505,-64.917206,-73.49588,-126.43893,-10.0,"rgba(214, 39, 40, 0.3)"
-104.052505,-64.917206,-143.59209,-110.705284,-5.0,"rgba(214, 39, 40, 0.3)"
-104.052505,-64.917206,-182.01454,-60.39977,4.0,"rgba(31, 119, 180, 0.3)"
-104.052505,-64.917206,-90.761856,-86.92836,5.0,"rgba(31, 119, 180, 0.3)"
-92.64918,-54.98551,-145.09076,-2.3775296,-4.0,"rgba(214, 39, 40, 0.3)"
-92.64918,-54.98551,-114.87455,-41.81274,5.5,"rgba(31, 119, 180, 0.3)"
-92.64918,-54.98551,-86.31815,-101.522446,-10.0,"rgba(214, 39, 40, 0.3)"
-92.64918,-54.98551,-70.30663,-57.175102,6.75,"rgba(31, 119, 180, 0.3)"
-92.64918,-54.98551,-109.08602,-88.18872,-5.0,"rgba(214, 39, 40, 0.3)"
-92.64918,-54.98551,-91.24852,-33.95837,-4.0,"rgba(214, 39, 40, 0.3)"
-60.85034,-162.84,-127.821106,-191.79382,-4.0,"rgba(214, 39, 40, 0.3)"
-60.85034,-162.84,-54.530357,-149.17253,-5.0,"rgba(214, 39, 40, 0.3)"
-198.22543,-30.642487,-234.53676,-88.781075,-4.0,"rgba(214, 39, 40, 0.3)"
-198.22543,-30.642487,-168.8718,-9.658426,4.0,"rgba(31, 119, 180, 0.3)"
-91.24852,-33.95837,-131.58337,-8.766836,-5.0,"rgba(214, 39, 40, 0.3)"
-91.24852,-33.95837,-164.90993,-55.44829,-7.0,"rgba(214, 39, 40, 0.3)"
-91.24852,-33.95837,-73.49588,-126.43893,-15.0,"rgba(214, 39, 40, 0.3)"
-91.24852,-33.95837,-49.821747,-53.01578,4.5,"rgba(31, 119, 180, 0.3)"
-91.24852,-33.95837,-153.42534,-79.72359,-4.0,"rgba(214, 39, 40, 0.3)"
-91.24852,-33.95837,-70.30663,-57.175102,-5.0,"rgba(214, 39, 40, 0.3)"
-91.24852,-33.95837,-82.80004,-21.887472,-4.0,"rgba(214, 39, 40, 0.3)"
-91.24852,-33.95837,-147.18065,-91.776,-4.0,"rgba(214, 39, 40, 0.3)"
-91.24852,-33.95837,-68.59824,-27.058443,-5.25,"rgba(214, 39, 40, 0.3)"
-91.24852,-33.95837,-33.035408,-49.099934,-5.5,"rgba(214, 39, 40, 0.3)"
-91.24852,-33.95837,-114.87455,-41.81274,-11.0,"rgba(214, 39, 40, 0.3)"
-91.24852,-33.95837,-169.53062,-22.085382,-4.0,"rgba(214, 39, 40, 0.3)"
-91.24852,-33.95837,-104.98039,1.8854307,-4.5,"rgba(214, 39, 40, 0.3)"
-114.87455,-41.81274,-131.58337,-8.766836,8.5,"rgba(31, 119, 180, 0.3)"
-114.87455,-41.81274,-164.90993,-55.44829,4.75,"rgba(31, 119, 180, 0.3)"
-114.87455,-41.81274,-101.686104,-20.26913,11.5,"rgba(31, 119, 180, 0.3)"
-114.87455,-41.81274,-73.49588,-126.43893,7.0,"rgba(31, 119, 180, 0.3)"
-114.87455,-41.81274,-137.88109,-41.079994,5.25,"rgba(31, 119, 180, 0.3)"
-114.87455,-41.81274,-38.1417,-66.50739,4.0,"rgba(31, 119, 180, 0.3)"
-114.87455,-41.81274,-156.68883,-41.234695,9.0,"rgba(31, 119, 180, 0.3)"
-114.87455,-41.81274,-150.27626,-32.40346,-4.5,"rgba(214, 39, 40, 0.3)"
-114.87455,-41.81274,-128.30635,-145.6569,-4.0,"rgba(214, 39, 40, 0.3)"
-114.87455,-41.81274,-85.73422,-4.706437,4.5,"rgba(31, 119, 180, 0.3)"
-114.87455,-41.81274,-168.8718,-9.658426,5.0,"rgba(31, 119, 180, 0.3)"
-114.87455,-41.81274,-76.38661,-45.192802,5.5,"rgba(31, 119, 180, 0.3)"
-114.87455,-41.81274,-186.70938,-129.05598,-6.0,"rgba(214, 39, 40, 0.3)"
-114.87455,-41.81274,-188.2004,-73.97981,5.0,"rgba(31, 119, 180, 0.3)"
-114.87455,-41.81274,-53.84909,-79.70029,-11.0,"rgba(214, 39, 40, 0.3)"
-114.87455,-41.81274,-58.556767,-32.907692,8.75,"rgba(31, 119, 180, 0.3)"
-114.87455,-41.81274,-109.08602,-88.18872,6.5,"rgba(31, 119, 180, 0.3)"
-114.87455,-41.81274,-196.29822,-12.7699995,6.5,"rgba(31, 119, 180, 0.3)"
-114.87455,-41.81274,-153.39375,-17.023321,5.0,"rgba(31, 119, 180, 0.3)"
-114.87455,-41.81274,-54.946823,-120.717354,6.0,"rgba(31, 119, 180, 0.3)"
-114.87455,-41.81274,-117.76687,-1.7193635,-4.0,"rgba(214, 39, 40, 0.3)"
-33.848755,-101.03206,-22.266434,-135.08458,4.75,"rgba(31, 119, 180, 0.3)"
-33.848755,-101.03206,-70.30663,-57.175102,4.0,"rgba(31, 119, 180, 0.3)"
-172.76709,-36.455032,-132.62785,-25.311127,4.0,"rgba(31, 119, 180, 0.3)"
-172.76709,-36.455032,-131.58337,-8.766836,5.0,"rgba(31, 119, 180, 0.3)"
-172.76709,-36.455032,-76.38661,-45.192802,5.5,"rgba(31, 119, 180, 0.3)"
-172.76709,-36.455032,-211.4924,-85.572876,5.5,"rgba(31, 119, 180, 0.3)"
-172.76709,-36.455032,-176.79291,-75.30071,4.0,"rgba(31, 119, 180, 0.3)"
-172.76709,-36.455032,-153.79953,-67.47362,5.0,"rgba(31, 119, 180, 0.3)"
-172.76709,-36.455032,-205.29936,-47.577667,-4.0,"rgba(214, 39, 40, 0.3)"
-172.76709,-36.455032,-153.39375,-17.023321,-9.0,"rgba(214, 39, 40, 0.3)"
-172.76709,-36.455032,-169.53062,-22.085382,-4.0,"rgba(214, 39, 40, 0.3)"
-131.58337,-8.766836,-145.09076,-2.3775296,-8.0,"rgba(214, 39, 40, 0.3)"
-131.58337,-8.766836,-117.76687,-1.7193635,8.5,"rgba(31, 119, 180, 0.3)"
-131.58337,-8.766836,-178.70045,-3.6258106,-4.0,"rgba(214, 39, 40, 0.3)"
-131.58337,-8.766836,-132.62785,-25.311127,4.0,"rgba(31, 119, 180, 0.3)"
-131.58337,-8.766836,-164.90993,-55.44829,5.0,"rgba(31, 119, 180, 0.3)"
-131.58337,-8.766836,-101.686104,-20.26913,9.0,"rgba(31, 119, 180, 0.3)"
-131.58337,-8.766836,-93.80372,-1.0593741,-5.0,"rgba(214, 39, 40, 0.3)"
-131.58337,-8.766836,-63.6722,-151.10608,-4.0,"rgba(214, 39, 40, 0.3)"
-131.58337,-8.766836,-153.39375,-17.023321,-4.0,"rgba(214, 39, 40, 0.3)"
-131.58337,-8.766836,-169.53062,-22.085382,-4.0,"rgba(214, 39, 40, 0.3)"
-145.09076,-2.3775296,-149.19824,-49.638115,4.0,"rgba(31, 119, 180, 0.3)"
-145.09076,-2.3775296,-166.22974,-84.58421,8.0,"rgba(31, 119, 180, 0.3)"
-145.09076,-2.3775296,-101.686104,-20.26913,-4.0,"rgba(214, 39, 40, 0.3)"
-145.09076,-2.3775296,-134.69003,14.108643,4.0,"rgba(31, 119, 180, 0.3)"
-145.09076,-2.3775296,-153.39375,-17.023321,-4.0,"rgba(214, 39, 40, 0.3)"
-145.09076,-2.3775296,-163.47997,1.4044694,5.0,"rgba(31, 119, 180, 0.3)"
-117.76687,-1.7193635,-79.92674,-72.76984,6.0,"rgba(31, 119, 180, 0.3)"
-117.76687,-1.7193635,-166.22974,-84.58421,4.0,"rgba(31, 119, 180, 0.3)"
-117.76687,-1.7193635,-132.62785,-25.311127,5.0,"rgba(31, 119, 180, 0.3)"
-117.76687,-1.7193635,-134.69003,14.108643,-7.0,"rgba(214, 39, 40, 0.3)"
-117.76687,-1.7193635,-112.32087,-23.722107,-8.5,"rgba(214, 39, 40, 0.3)"
-117.76687,-1.7193635,-85.73422,-4.706437,-4.0,"rgba(214, 39, 40, 0.3)"
-178.70045,-3.6258106,-184.94371,-36.949715,-4.0,"rgba(214, 39, 40, 0.3)"
-178.70045,-3.6258106,-112.32087,-23.722107,5.75,"rgba(31, 119, 180, 0.3)"
-178.70045,-3.6258106,-196.29822,-12.7699995,-4.0,"rgba(214, 39, 40, 0.3)"
-132.62785,-25.311127,-196.46495,-77.74041,-4.0,"rgba(214, 39, 40, 0.3)"
-132.62785,-25.311127,-76.38661,-45.192802,-5.0,"rgba(214, 39, 40, 0.3)"
-132.62785,-25.311127,-184.94371,-36.949715,4.5,"rgba(31, 119, 180, 0.3)"
-132.62785,-25.311127,-68.59824,-27.058443,-5.0,"rgba(214, 39, 40, 0.3)"
-132.62785,-25.311127,-109.19011,-117.45818,-4.0,"rgba(214, 39, 40, 0.3)"
-132.62785,-25.311127,-82.80004,-21.887472,-4.0,"rgba(214, 39, 40, 0.3)"
-138.45746,-176.08548,-185.13771,-167.74327,4.0,"rgba(31, 119, 180, 0.3)"
-138.45746,-176.08548,-148.17726,-189.22382,-9.5,"rgba(214, 39, 40, 0.3)"
-138.45746,-176.08548,-156.14174,-134.67906,5.75,"rgba(31, 119, 180, 0.3)"
-138.45746,-176.08548,-109.19011,-117.45818,9.75,"rgba(31, 119, 180, 0.3)"
-138.45746,-176.08548,-90.3393,-208.69817,4.5,"rgba(31, 119, 180, 0.3)"
-138.45746,-176.08548,-116.896385,-211.34998,6.0,"rgba(31, 119, 180, 0.3)"
-138.45746,-176.08548,-201.96657,-174.15305,18.0,"rgba(31, 119, 180, 0.3)"
-138.45746,-176.08548,-128.30635,-145.6569,4.0,"rgba(31, 119, 180, 0.3)"
-138.45746,-176.08548,-206.61774,-159.6519,-5.0,"rgba(214, 39, 40, 0.3)"
-138.45746,-176.08548,-79.92674,-72.76984,4.0,"rgba(31, 119, 180, 0.3)"
-138.45746,-176.08548,-143.59209,-110.705284,-4.0,"rgba(214, 39, 40, 0.3)"
-138.45746,-176.08548,-111.2322,-193.40863,-4.0,"rgba(214, 39, 40, 0.3)"
-138.45746,-176.08548,-228.88693,-161.07886,5.0,"rgba(31, 119, 180, 0.3)"
-138.45746,-176.08548,-186.70938,-129.05598,-5.0,"rgba(214, 39, 40, 0.3)"
-138.45746,-176.08548,-74.37078,-193.89275,-6.0,"rgba(214, 39, 40, 0.3)"
-185.13771,-167.74327,-128.30635,-145.6569,4.0,"rgba(31, 119, 180, 0.3)"
-185.13771,-167.74327,-234.53676,-88.781075,12.0,"rgba(31, 119, 180, 0.3)"
-185.13771,-167.74327,-140.31885,-140.74556,4.0,"rgba(31, 119, 180, 0.3)"
-185.13771,-167.74327,-156.14174,-134.67906,6.75,"rgba(31, 119, 180, 0.3)"
-185.13771,-167.74327,-190.20886,-191.54784,-4.0,"rgba(214, 39, 40, 0.3)"
-148.17726,-189.22382,-79.92674,-72.76984,-4.0,"rgba(214, 39, 40, 0.3)"
-148.17726,-189.22382,-213.21185,-177.42047,-6.0,"rgba(214, 39, 40, 0.3)"
-148.17726,-189.22382,-36.311,-90.812195,5.0,"rgba(31, 119, 180, 0.3)"
-148.17726,-189.22382,-209.11464,-188.29393,-4.0,"rgba(214, 39, 40, 0.3)"
-148.17726,-189.22382,-169.32399,-212.81877,4.0,"rgba(31, 119, 180, 0.3)"
-148.17726,-189.22382,-192.54527,-183.18443,-6.0,"rgba(214, 39, 40, 0.3)"
-148.17726,-189.22382,-106.51035,-180.83052,-5.0,"rgba(214, 39, 40, 0.3)"
-156.14174,-134.67906,-123.15391,-125.89968,4.0,"rgba(31, 119, 180, 0.3)"
-156.14174,-134.67906,-164.90993,-55.44829,-5.0,"rgba(214, 39, 40, 0.3)"
-156.14174,-134.67906,-169.88733,-164.76266,5.0,"rgba(31, 119, 180, 0.3)"
-156.14174,-134.67906,-91.81441,-181.38875,-8.0,"rgba(214, 39, 40, 0.3)"
-156.14174,-134.67906,-156.42015,-99.18987,4.0,"rgba(31, 119, 180, 0.3)"
-156.14174,-134.67906,-176.79291,-75.30071,-7.5,"rgba(214, 39, 40, 0.3)"
-156.14174,-134.67906,-96.39719,-192.89815,-6.0,"rgba(214, 39, 40, 0.3)"
-156.14174,-134.67906,-171.2433,-118.19353,7.0,"rgba(31, 119, 180, 0.3)"
-156.14174,-134.67906,-206.61774,-159.6519,4.0,"rgba(31, 119, 180, 0.3)"
-156.14174,-134.67906,-110.426994,-146.82512,-5.0,"rgba(214, 39, 40, 0.3)"
-156.14174,-134.67906,-165.52353,-72.00344,5.0,"rgba(31, 119, 180, 0.3)"
-156.14174,-134.67906,-140.31885,-140.74556,-4.0,"rgba(214, 39, 40, 0.3)"
-156.14174,-134.67906,-204.01045,-130.31418,-5.0,"rgba(214, 39, 40, 0.3)"
-156.14174,-134.67906,-216.33899,-122.44375,-4.0,"rgba(214, 39, 40, 0.3)"
-156.14174,-134.67906,-86.15698,-164.24432,13.25,"rgba(31, 119, 180, 0.3)"
-156.14174,-134.67906,-38.156197,-124.39291,4.0,"rgba(31, 119, 180, 0.3)"
-156.14174,-134.67906,-192.54527,-183.18443,-4.5,"rgba(214, 39, 40, 0.3)"
-156.14174,-134.67906,-211.4924,-85.572876,-5.0,"rgba(214, 39, 40, 0.3)"
-156.14174,-134.67906,-184.81535,-156.0767,10.0,"rgba(31, 119, 180, 0.3)"
-156.14174,-134.67906,-109.08602,-88.18872,4.0,"rgba(31, 119, 180, 0.3)"
-156.14174,-134.67906,-106.51035,-180.83052,-5.0,"rgba(214, 39, 40, 0.3)"
-156.14174,-134.67906,-153.39375,-17.023321,-4.0,"rgba(214, 39, 40, 0.3)"
-109.19011,-117.45818,-176.79291,-75.30071,-7.0,"rgba(214, 39, 40, 0.3)"
-109.19011,-117.45818,-128.30635,-145.6569,-5.0,"rgba(214, 39, 40, 0.3)"
-109.19011,-117.45818,-86.15698,-164.24432,9.75,"rgba(31, 119, 180, 0.3)"
-109.19011,-117.45818,-147.18065,-91.776,-5.0,"rgba(214, 39, 40, 0.3)"
-109.19011,-117.45818,-79.2411,-99.24113,7.25,"rgba(31, 119, 180, 0.3)"
-109.19011,-117.45818,-96.45788,-111.0506,-5.0,"rgba(214, 39, 40, 0.3)"
-109.19011,-117.45818,-194.37297,-148.5533,-4.0,"rgba(214, 39, 40, 0.3)"
-109.19011,-117.45818,-49.45077,-128.6539,4.0,"rgba(31, 119, 180, 0.3)"
-90.3393,-208.69817,-116.896385,-211.34998,-4.5,"rgba(214, 39, 40, 0.3)"
-90.3393,-208.69817,-127.821106,-191.79382,-5.0,"rgba(214, 39, 40, 0.3)"
-90.3393,-208.69817,-53.059563,-194.27519,-4.0,"rgba(214, 39, 40, 0.3)"
-90.3393,-208.69817,-106.51035,-180.83052,-4.0,"rgba(214, 39, 40, 0.3)"
-116.896385,-211.34998,-106.51035,-180.83052,-4.0,"rgba(214, 39, 40, 0.3)"
-116.896385,-211.34998,-196.56218,-196.56932,5.0,"rgba(31, 119, 180, 0.3)"
-116.896385,-211.34998,-127.821106,-191.79382,-8.0,"rgba(214, 39, 40, 0.3)"
-116.896385,-211.34998,-73.64973,-175.73918,4.5,"rgba(31, 119, 180, 0.3)"
-201.96657,-174.15305,-184.81535,-156.0767,4.0,"rgba(31, 119, 180, 0.3)"
-201.96657,-174.15305,-213.21185,-177.42047,5.0,"rgba(31, 119, 180, 0.3)"
-201.96657,-174.15305,-194.37297,-148.5533,-5.0,"rgba(214, 39, 40, 0.3)"
-128.30635,-145.6569,-169.88733,-164.76266,7.5,"rgba(31, 119, 180, 0.3)"
-128.30635,-145.6569,-91.81441,-181.38875,22.0,"rgba(31, 119, 180, 0.3)"
-128.30635,-145.6569,-110.426994,-146.82512,4.0,"rgba(31, 119, 180, 0.3)"
-128.30635,-145.6569,-86.15698,-164.24432,52.0,"rgba(31, 119, 180, 0.3)"
-128.30635,-145.6569,-145.57568,-155.43552,5.0,"rgba(31, 119, 180, 0.3)"
-128.30635,-145.6569,-145.68398,-60.72576,-4.0,"rgba(214, 39, 40, 0.3)"
-128.30635,-145.6569,-215.37915,-153.38573,3.75,"rgba(31, 119, 180, 0.3)"
-128.30635,-145.6569,-109.08602,-88.18872,4.0,"rgba(31, 119, 180, 0.3)"
-183.0109,-110.19726,-94.31428,-126.5553,-4.0,"rgba(214, 39, 40, 0.3)"
-183.0109,-110.19726,-127.821106,-191.79382,-7.0,"rgba(214, 39, 40, 0.3)"
-183.0109,-110.19726,-216.33899,-122.44375,-5.0,"rgba(214, 39, 40, 0.3)"
-183.0109,-110.19726,-153.42534,-79.72359,-6.0,"rgba(214, 39, 40, 0.3)"
-183.0109,-110.19726,-149.19824,-49.638115,-4.0,"rgba(214, 39, 40, 0.3)"
-94.31428,-126.5553,-79.92674,-72.76984,7.0,"rgba(31, 119, 180, 0.3)"
-94.31428,-126.5553,-73.49588,-126.43893,8.5,"rgba(31, 119, 180, 0.3)"
-94.31428,-126.5553,-43.271255,-150.09036,-4.0,"rgba(214, 39, 40, 0.3)"
-94.31428,-126.5553,-156.42015,-99.18987,4.0,"rgba(31, 119, 180, 0.3)"
-94.31428,-126.5553,-182.01454,-60.39977,-6.0,"rgba(214, 39, 40, 0.3)"
-94.31428,-126.5553,-175.24857,-102.283615,4.0,"rgba(31, 119, 180, 0.3)"
-94.31428,-126.5553,-147.18065,-91.776,4.0,"rgba(31, 119, 180, 0.3)"
-94.31428,-126.5553,-42.78029,-133.40608,4.0,"rgba(31, 119, 180, 0.3)"
-94.31428,-126.5553,-127.821106,-191.79382,3.75,"rgba(31, 119, 180, 0.3)"
-94.31428,-126.5553,-96.45788,-111.0506,4.0,"rgba(31, 119, 180, 0.3)"
-94.31428,-126.5553,-38.13111,-138.97209,4.0,"rgba(31, 119, 180, 0.3)"
-127.821106,-191.79382,-150.69286,-203.81915,-5.0,"rgba(214, 39, 40, 0.3)"
-127.821106,-191.79382,-206.61774,-159.6519,-4.0,"rgba(214, 39, 40, 0.3)"
-127.821106,-191.79382,-106.32217,-213.56064,-5.0,"rgba(214, 39, 40, 0.3)"
-127.821106,-191.79382,-73.49588,-126.43893,4.0,"rgba(31, 119, 180, 0.3)"
-127.821106,-191.79382,-121.48266,-224.73895,-5.0,"rgba(214, 39, 40, 0.3)"
-127.821106,-191.79382,-196.46495,-77.74041,-8.0,"rgba(214, 39, 40, 0.3)"
-127.821106,-191.79382,-216.84247,-168.1675,-6.0,"rgba(214, 39, 40, 0.3)"
-127.821106,-191.79382,-103.06737,-167.77542,4.0,"rgba(31, 119, 180, 0.3)"
-127.821106,-191.79382,-140.31885,-140.74556,-6.0,"rgba(214, 39, 40, 0.3)"
-216.33899,-122.44375,-186.70938,-129.05598,-5.0,"rgba(214, 39, 40, 0.3)"
-216.33899,-122.44375,-162.66676,-180.90286,-4.0,"rgba(214, 39, 40, 0.3)"
-216.33899,-122.44375,-159.15895,-113.12439,-4.0,"rgba(214, 39, 40, 0.3)"
-216.33899,-122.44375,-239.8921,-128.51259,-5.0,"rgba(214, 39, 40, 0.3)"
-216.33899,-122.44375,-182.01454,-60.39977,-4.0,"rgba(214, 39, 40, 0.3)"
-150.69286,-203.81915,-121.48266,-224.73895,4.0,"rgba(31, 119, 180, 0.3)"
-150.69286,-203.81915,-171.81343,-144.14935,4.0,"rgba(31, 119, 180, 0.3)"
-150.69286,-203.81915,-194.37297,-148.5533,4.0,"rgba(31, 119, 180, 0.3)"
-121.48266,-224.73895,-104.14476,-227.47643,-7.0,"rgba(214, 39, 40, 0.3)"
-121.48266,-224.73895,-146.01259,-226.7062,-7.0,"rgba(214, 39, 40, 0.3)"
-121.48266,-224.73895,-107.302925,-206.50635,-7.0,"rgba(214, 39, 40, 0.3)"
-206.61774,-159.6519,-236.28236,-146.55699,4.0,"rgba(31, 119, 180, 0.3)"
-206.61774,-159.6519,-143.59209,-110.705284,-4.0,"rgba(214, 39, 40, 0.3)"
-206.61774,-159.6519,-171.81343,-144.14935,6.0,"rgba(31, 119, 180, 0.3)"
-206.61774,-159.6519,-228.88693,-161.07886,11.0,"rgba(31, 119, 180, 0.3)"
-206.61774,-159.6519,-239.8921,-128.51259,5.0,"rgba(31, 119, 180, 0.3)"
-206.61774,-159.6519,-184.81535,-156.0767,-4.75,"rgba(214, 39, 40, 0.3)"
-206.61774,-159.6519,-213.21185,-177.42047,-5.0,"rgba(214, 39, 40, 0.3)"
-236.28236,-146.55699,-214.4181,-138.8291,4.0,"rgba(31, 119, 180, 0.3)"
-123.15391,-125.89968,-70.30663,-57.175102,4.5,"rgba(31, 119, 180, 0.3)"
-123.15391,-125.89968,-171.81343,-144.14935,9.0,"rgba(31, 119, 180, 0.3)"
-123.15391,-125.89968,-139.2874,-203.45802,4.0,"rgba(31, 119, 180, 0.3)"
-123.15391,-125.89968,-153.42534,-79.72359,-4.0,"rgba(214, 39, 40, 0.3)"
-123.15391,-125.89968,-121.09486,-137.14873,-5.0,"rgba(214, 39, 40, 0.3)"
-123.15391,-125.89968,-73.64973,-175.73918,3.75,"rgba(31, 119, 180, 0.3)"
-123.15391,-125.89968,-164.90993,-55.44829,-5.0,"rgba(214, 39, 40, 0.3)"
-123.15391,-125.89968,-79.92674,-72.76984,-6.0,"rgba(214, 39, 40, 0.3)"
-123.15391,-125.89968,-110.426994,-146.82512,-6.0,"rgba(214, 39, 40, 0.3)"
-123.15391,-125.89968,-145.68398,-60.72576,4.0,"rgba(31, 119, 180, 0.3)"
-123.15391,-125.89968,-135.17778,-125.83064,-4.0,"rgba(214, 39, 40, 0.3)"
-70.30663,-57.175102,-79.92674,-72.76984,4.0,"rgba(31, 119, 180, 0.3)"
-70.30663,-57.175102,-137.88109,-41.079994,8.75,"rgba(31, 119, 180, 0.3)"
-70.30663,-57.175102,-27.603338,-63.07079,4.5,"rgba(31, 119, 180, 0.3)"
-70.30663,-57.175102,-58.556767,-32.907692,6.0,"rgba(31, 119, 180, 0.3)"
-70.30663,-57.175102,-153.39375,-17.023321,7.75,"rgba(31, 119, 180, 0.3)"
-70.30663,-57.175102,-54.946823,-120.717354,5.5,"rgba(31, 119, 180, 0.3)"
-70.30663,-57.175102,-169.53062,-22.085382,-5.0,"rgba(214, 39, 40, 0.3)"
-171.81343,-144.14935,-164.90993,-55.44829,11.5,"rgba(31, 119, 180, 0.3)"
-171.81343,-144.14935,-159.15895,-113.12439,-4.0,"rgba(214, 39, 40, 0.3)"
-171.81343,-144.14935,-105.41184,-102.36996,9.5,"rgba(31, 119, 180, 0.3)"
-171.81343,-144.14935,-213.21185,-177.42047,-4.0,"rgba(214, 39, 40, 0.3)"
-171.81343,-144.14935,-82.80004,-21.887472,5.0,"rgba(31, 119, 180, 0.3)"
-171.81343,-144.14935,-184.81535,-156.0767,4.5,"rgba(31, 119, 180, 0.3)"
-171.81343,-144.14935,-145.57568,-155.43552,4.0,"rgba(31, 119, 180, 0.3)"
-171.81343,-144.14935,-237.0651,-115.49119,6.5,"rgba(31, 119, 180, 0.3)"
-171.81343,-144.14935,-164.15318,-106.19687,5.0,"rgba(31, 119, 180, 0.3)"
-171.81343,-144.14935,-175.24857,-102.283615,-4.0,"rgba(214, 39, 40, 0.3)"
-171.81343,-144.14935,-165.80875,-193.99628,4.5,"rgba(31, 119, 180, 0.3)"
-171.81343,-144.14935,-173.45142,-197.3385,5.0,"rgba(31, 119, 180, 0.3)"
-171.81343,-144.14935,-123.62647,-167.71144,6.5,"rgba(31, 119, 180, 0.3)"
-139.2874,-203.45802,-156.54285,-211.76643,4.0,"rgba(31, 119, 180, 0.3)"
-153.42534,-79.72359,-184.81535,-156.0767,-4.0,"rgba(214, 39, 40, 0.3)"
-153.42534,-79.72359,-182.01454,-60.39977,-5.0,"rgba(214, 39, 40, 0.3)"
-153.42534,-79.72359,-169.53062,-22.085382,-4.0,"rgba(214, 39, 40, 0.3)"
-121.09486,-137.14873,-159.15895,-113.12439,-5.0,"rgba(214, 39, 40, 0.3)"
-73.64973,-175.73918,-73.49588,-126.43893,-4.0,"rgba(214, 39, 40, 0.3)"
-53.84909,-79.70029,-53.69362,-66.77013,4.0,"rgba(31, 119, 180, 0.3)"
-53.84909,-79.70029,-18.653206,-91.21559,4.0,"rgba(31, 119, 180, 0.3)"
-53.84909,-79.70029,-164.90993,-55.44829,-4.0,"rgba(214, 39, 40, 0.3)"
-53.84909,-79.70029,-101.686104,-20.26913,5.0,"rgba(31, 119, 180, 0.3)"
-53.84909,-79.70029,-82.80004,-21.887472,-4.0,"rgba(214, 39, 40, 0.3)"
-53.84909,-79.70029,-73.49588,-126.43893,-4.0,"rgba(214, 39, 40, 0.3)"
-53.84909,-79.70029,-27.603338,-63.07079,-6.0,"rgba(214, 39, 40, 0.3)"
-53.84909,-79.70029,-68.59824,-27.058443,-8.0,"rgba(214, 39, 40, 0.3)"
-53.84909,-79.70029,-93.21089,-75.336464,-4.0,"rgba(214, 39, 40, 0.3)"
-53.84909,-79.70029,-21.445234,-111.1177,-4.0,"rgba(214, 39, 40, 0.3)"
-53.84909,-79.70029,-86.15698,-164.24432,-4.0,"rgba(214, 39, 40, 0.3)"
-53.84909,-79.70029,-76.38661,-45.192802,-5.0,"rgba(214, 39, 40, 0.3)"
-53.84909,-79.70029,-33.035408,-49.099934,-12.0,"rgba(214, 39, 40, 0.3)"
-53.84909,-79.70029,-58.556767,-32.907692,-12.25,"rgba(214, 39, 40, 0.3)"
-53.84909,-79.70029,-40.54379,-114.326225,-4.0,"rgba(214, 39, 40, 0.3)"
-53.84909,-79.70029,-109.08602,-88.18872,-4.0,"rgba(214, 39, 40, 0.3)"
-53.84909,-79.70029,-123.62647,-167.71144,6.0,"rgba(31, 119, 180, 0.3)"
-53.84909,-79.70029,-21.88293,-86.39464,-5.0,"rgba(214, 39, 40, 0.3)"
-53.69362,-66.77013,-86.31815,-101.522446,4.0,"rgba(31, 119, 180, 0.3)"
-53.69362,-66.77013,-49.821747,-53.01578,3.75,"rgba(31, 119, 180, 0.3)"
-53.69362,-66.77013,-128.35324,-35.304626,4.0,"rgba(31, 119, 180, 0.3)"
-53.69362,-66.77013,-36.311,-90.812195,5.0,"rgba(31, 119, 180, 0.3)"
-53.69362,-66.77013,-125.06015,-80.20462,-5.0,"rgba(214, 39, 40, 0.3)"
-53.69362,-66.77013,-53.591488,-141.23312,6.5,"rgba(31, 119, 180, 0.3)"
-164.90993,-55.44829,-205.29936,-47.577667,4.0,"rgba(31, 119, 180, 0.3)"
-164.90993,-55.44829,-195.63983,-53.751064,4.0,"rgba(31, 119, 180, 0.3)"
-164.90993,-55.44829,-211.4924,-85.572876,9.0,"rgba(31, 119, 180, 0.3)"
-164.90993,-55.44829,-200.00334,-65.43661,-4.0,"rgba(214, 39, 40, 0.3)"
-164.90993,-55.44829,-156.68883,-41.234695,4.5,"rgba(31, 119, 180, 0.3)"
-164.90993,-55.44829,-163.47997,1.4044694,-4.0,"rgba(214, 39, 40, 0.3)"
-164.90993,-55.44829,-140.02054,-77.964355,3.75,"rgba(31, 119, 180, 0.3)"
-205.29936,-47.577667,-207.23557,-112.67368,5.0,"rgba(31, 119, 180, 0.3)"
-205.29936,-47.577667,-196.46495,-77.74041,5.0,"rgba(31, 119, 180, 0.3)"
-205.29936,-47.577667,-218.72076,-36.348537,-4.0,"rgba(214, 39, 40, 0.3)"
-205.29936,-47.577667,-224.44543,-104.78094,4.0,"rgba(31, 119, 180, 0.3)"
-205.29936,-47.577667,-153.39375,-17.023321,-9.0,"rgba(214, 39, 40, 0.3)"
-205.29936,-47.577667,-169.53062,-22.085382,4.5,"rgba(31, 119, 180, 0.3)"
-195.63983,-53.751064,-168.8718,-9.658426,4.0,"rgba(31, 119, 180, 0.3)"
-195.63983,-53.751064,-165.52353,-72.00344,5.5,"rgba(31, 119, 180, 0.3)"
-195.63983,-53.751064,-169.88733,-164.76266,5.0,"rgba(31, 119, 180, 0.3)"
-211.4924,-85.572876,-184.94371,-36.949715,6.0,"rgba(31, 119, 180, 0.3)"
-211.4924,-85.572876,-228.88693,-161.07886,9.0,"rgba(31, 119, 180, 0.3)"
-211.4924,-85.572876,-239.8921,-128.51259,5.5,"rgba(31, 119, 180, 0.3)"
-211.4924,-85.572876,-182.01454,-60.39977,-5.0,"rgba(214, 39, 40, 0.3)"
-211.4924,-85.572876,-223.01602,-91.838715,-5.0,"rgba(214, 39, 40, 0.3)"
-200.00334,-65.43661,-194.56918,-113.3075,4.0,"rgba(31, 119, 180, 0.3)"
-200.00334,-65.43661,-218.75687,-73.298615,4.5,"rgba(31, 119, 180, 0.3)"
-200.00334,-65.43661,-207.23557,-112.67368,-6.0,"rgba(214, 39, 40, 0.3)"
-200.00334,-65.43661,-109.08602,-88.18872,4.0,"rgba(31, 119, 180, 0.3)"
-200.00334,-65.43661,-169.53062,-22.085382,-4.0,"rgba(214, 39, 40, 0.3)"
-156.68883,-41.234695,-150.27626,-32.40346,4.5,"rgba(31, 119, 180, 0.3)"
-156.68883,-41.234695,-103.06737,-167.77542,4.0,"rgba(31, 119, 180, 0.3)"
-156.68883,-41.234695,-169.53062,-22.085382,4.0,"rgba(31, 119, 180, 0.3)"
-163.47997,1.4044694,-153.39375,-17.023321,-5.0,"rgba(214, 39, 40, 0.3)"
-140.02054,-77.964355,-153.79953,-67.47362,-4.0,"rgba(214, 39, 40, 0.3)"
-140.02054,-77.964355,-73.49588,-126.43893,-6.0,"rgba(214, 39, 40, 0.3)"
-140.02054,-77.964355,-143.59209,-110.705284,4.0,"rgba(31, 119, 180, 0.3)"
-79.92674,-72.76984,-54.946823,-120.717354,6.0,"rgba(31, 119, 180, 0.3)"
-79.92674,-72.76984,-58.556767,-32.907692,9.0,"rgba(31, 119, 180, 0.3)"
-79.92674,-72.76984,-93.21089,-75.336464,11.0,"rgba(31, 119, 180, 0.3)"
-79.92674,-72.76984,-184.94371,-36.949715,5.0,"rgba(31, 119, 180, 0.3)"
-79.92674,-72.76984,-112.32087,-23.722107,4.0,"rgba(31, 119, 180, 0.3)"
-79.92674,-72.76984,-76.38661,-45.192802,7.0,"rgba(31, 119, 180, 0.3)"
-79.92674,-72.76984,-165.52353,-72.00344,5.0,"rgba(31, 119, 180, 0.3)"
-79.92674,-72.76984,-101.686104,-20.26913,4.0,"rgba(31, 119, 180, 0.3)"
-79.92674,-72.76984,-49.821747,-53.01578,-5.0,"rgba(214, 39, 40, 0.3)"
-79.92674,-72.76984,-44.4258,-37.623802,4.0,"rgba(31, 119, 180, 0.3)"
-54.946823,-120.717354,-73.49588,-126.43893,4.0,"rgba(31, 119, 180, 0.3)"
-54.946823,-120.717354,-43.271255,-150.09036,-4.0,"rgba(214, 39, 40, 0.3)"
-54.946823,-120.717354,-96.36285,-160.19817,6.0,"rgba(31, 119, 180, 0.3)"
-54.946823,-120.717354,-123.62647,-167.71144,5.0,"rgba(31, 119, 180, 0.3)"
-58.556767,-32.907692,-27.603338,-63.07079,6.25,"rgba(31, 119, 180, 0.3)"
-58.556767,-32.907692,-82.80004,-21.887472,6.0,"rgba(31, 119, 180, 0.3)"
-58.556767,-32.907692,-153.39375,-17.023321,4.0,"rgba(31, 119, 180, 0.3)"
-93.21089,-75.336464,-184.94371,-36.949715,5.0,"rgba(31, 119, 180, 0.3)"
-93.21089,-75.336464,-86.31815,-101.522446,-5.0,"rgba(214, 39, 40, 0.3)"
-93.21089,-75.336464,-156.42015,-99.18987,6.0,"rgba(31, 119, 180, 0.3)"
-93.21089,-75.336464,-76.38661,-45.192802,7.5,"rgba(31, 119, 180, 0.3)"
-93.21089,-75.336464,-27.603338,-63.07079,-4.0,"rgba(214, 39, 40, 0.3)"
-93.21089,-75.336464,-166.22974,-84.58421,4.0,"rgba(31, 119, 180, 0.3)"
-184.94371,-36.949715,-150.27626,-32.40346,5.0,"rgba(31, 119, 180, 0.3)"
-184.94371,-36.949715,-234.53676,-88.781075,5.0,"rgba(31, 119, 180, 0.3)"
-112.32087,-23.722107,-73.49588,-126.43893,7.0,"rgba(31, 119, 180, 0.3)"
-76.38661,-45.192802,-82.80004,-21.887472,4.0,"rgba(31, 119, 180, 0.3)"
-76.38661,-45.192802,-73.49588,-126.43893,7.0,"rgba(31, 119, 180, 0.3)"
-76.38661,-45.192802,-93.80372,-1.0593741,4.75,"rgba(31, 119, 180, 0.3)"
-76.38661,-45.192802,-125.06015,-80.20462,4.0,"rgba(31, 119, 180, 0.3)"
-76.38661,-45.192802,-104.98039,1.8854307,4.25,"rgba(31, 119, 180, 0.3)"
-76.38661,-45.192802,-36.311,-90.812195,4.0,"rgba(31, 119, 180, 0.3)"
-54.1912,-134.60738,-86.15698,-164.24432,6.0,"rgba(31, 119, 180, 0.3)"
-54.1912,-134.60738,-21.445234,-111.1177,7.0,"rgba(31, 119, 180, 0.3)"
-54.1912,-134.60738,-105.41184,-102.36996,5.0,"rgba(31, 119, 180, 0.3)"
-86.15698,-164.24432,-91.81441,-181.38875,26.0,"rgba(31, 119, 180, 0.3)"
-86.15698,-164.24432,-54.530357,-149.17253,4.0,"rgba(31, 119, 180, 0.3)"
-86.15698,-164.24432,-223.01602,-91.838715,-7.5,"rgba(214, 39, 40, 0.3)"
-86.15698,-164.24432,-96.39719,-192.89815,6.0,"rgba(31, 119, 180, 0.3)"
-86.15698,-164.24432,-186.70938,-129.05598,4.0,"rgba(31, 119, 180, 0.3)"
-86.15698,-164.24432,-74.37078,-193.89275,4.75,"rgba(31, 119, 180, 0.3)"
-21.445234,-111.1177,-38.1417,-66.50739,5.0,"rgba(31, 119, 180, 0.3)"
-21.445234,-111.1177,-13.523047,-121.82878,-10.0,"rgba(214, 39, 40, 0.3)"
-105.41184,-102.36996,-150.27626,-32.40346,-4.0,"rgba(214, 39, 40, 0.3)"
-176.79291,-75.30071,-207.23557,-112.67368,6.5,"rgba(31, 119, 180, 0.3)"
-176.79291,-75.30071,-153.39375,-17.023321,8.0,"rgba(31, 119, 180, 0.3)"
-101.686104,-20.26913,-168.8718,-9.658426,7.0,"rgba(31, 119, 180, 0.3)"
-101.686104,-20.26913,-52.22952,-40.825874,11.0,"rgba(31, 119, 180, 0.3)"
-168.8718,-9.658426,-218.30759,-29.534292,-4.0,"rgba(214, 39, 40, 0.3)"
-168.8718,-9.658426,-104.98039,1.8854307,5.0,"rgba(31, 119, 180, 0.3)"
-194.56918,-113.3075,-186.70938,-129.05598,-4.0,"rgba(214, 39, 40, 0.3)"
-194.56918,-113.3075,-123.62647,-167.71144,4.0,"rgba(31, 119, 180, 0.3)"
-194.56918,-113.3075,-147.18065,-91.776,4.0,"rgba(31, 119, 180, 0.3)"
-218.75687,-73.298615,-156.42015,-99.18987,7.0,"rgba(31, 119, 180, 0.3)"
-218.75687,-73.298615,-223.01602,-91.838715,5.0,"rgba(31, 119, 180, 0.3)"
-218.75687,-73.298615,-166.22974,-84.58421,4.0,"rgba(31, 119, 180, 0.3)"
-169.88733,-164.76266,-214.4181,-138.8291,-5.0,"rgba(214, 39, 40, 0.3)"
-169.88733,-164.76266,-96.39719,-192.89815,6.5,"rgba(31, 119, 180, 0.3)"
-169.88733,-164.76266,-169.32399,-212.81877,6.0,"rgba(31, 119, 180, 0.3)"
-214.4181,-138.8291,-186.70938,-129.05598,-4.0,"rgba(214, 39, 40, 0.3)"
-214.4181,-138.8291,-190.20886,-191.54784,-5.0,"rgba(214, 39, 40, 0.3)"
-96.39719,-192.89815,-62.00485,-183.4444,4.0,"rgba(31, 119, 180, 0.3)"
-96.39719,-192.89815,-83.91298,-192.82695,6.5,"rgba(31, 119, 180, 0.3)"
-96.39719,-192.89815,-91.81441,-181.38875,4.0,"rgba(31, 119, 180, 0.3)"
-96.39719,-192.89815,-184.81535,-156.0767,-4.0,"rgba(214, 39, 40, 0.3)"
-169.32399,-212.81877,-111.2322,-193.40863,-4.0,"rgba(214, 39, 40, 0.3)"
-169.32399,-212.81877,-156.54285,-211.76643,-9.0,"rgba(214, 39, 40, 0.3)"
-169.32399,-212.81877,-209.11464,-188.29393,-4.0,"rgba(214, 39, 40, 0.3)"
-169.32399,-212.81877,-183.11331,-207.00961,-9.0,"rgba(214, 39, 40, 0.3)"
-82.80004,-21.887472,-179.0595,-87.24811,-5.0,"rgba(214, 39, 40, 0.3)"
-82.80004,-21.887472,-68.59824,-27.058443,5.75,"rgba(31, 119, 180, 0.3)"
-82.80004,-21.887472,-82.13876,3.5288358,6.0,"rgba(31, 119, 180, 0.3)"
-179.0595,-87.24811,-175.24857,-102.283615,5.0,"rgba(31, 119, 180, 0.3)"
-179.0595,-87.24811,-149.19824,-49.638115,4.0,"rgba(31, 119, 180, 0.3)"
-179.0595,-87.24811,-207.23557,-112.67368,-4.0,"rgba(214, 39, 40, 0.3)"
-179.0595,-87.24811,-125.06015,-80.20462,6.0,"rgba(31, 119, 180, 0.3)"
-179.0595,-87.24811,-135.17778,-125.83064,-4.0,"rgba(214, 39, 40, 0.3)"
-179.0595,-87.24811,-202.63644,-140.65309,-5.0,"rgba(214, 39, 40, 0.3)"
-91.81441,-181.38875,-110.426994,-146.82512,4.0,"rgba(31, 119, 180, 0.3)"
-91.81441,-181.38875,-111.2322,-193.40863,-4.0,"rgba(214, 39, 40, 0.3)"
-106.32217,-213.56064,-123.62647,-167.71144,13.0,"rgba(31, 119, 180, 0.3)"
-153.79953,-67.47362,-86.31815,-101.522446,-4.0,"rgba(214, 39, 40, 0.3)"
-153.79953,-67.47362,-125.06015,-80.20462,4.0,"rgba(31, 119, 180, 0.3)"
-153.79953,-67.47362,-182.01454,-60.39977,-4.0,"rgba(214, 39, 40, 0.3)"
-153.79953,-67.47362,-201.01176,-36.6353,-7.0,"rgba(214, 39, 40, 0.3)"
-153.79953,-67.47362,-106.51035,-180.83052,-6.0,"rgba(214, 39, 40, 0.3)"
-86.31815,-101.522446,-103.06737,-167.77542,5.0,"rgba(31, 119, 180, 0.3)"
-86.31815,-101.522446,-127.63049,-208.24243,4.0,"rgba(31, 119, 180, 0.3)"
-86.31815,-101.522446,-50.357998,-103.157486,-4.0,"rgba(214, 39, 40, 0.3)"
-86.31815,-101.522446,-125.06015,-80.20462,7.0,"rgba(31, 119, 180, 0.3)"
-125.06015,-80.20462,-143.59209,-110.705284,-6.0,"rgba(214, 39, 40, 0.3)"
-125.06015,-80.20462,-49.821747,-53.01578,4.0,"rgba(31, 119, 180, 0.3)"
-125.06015,-80.20462,-171.2433,-118.19353,-5.0,"rgba(214, 39, 40, 0.3)"
-125.06015,-80.20462,-186.70938,-129.05598,6.0,"rgba(31, 119, 180, 0.3)"
-125.06015,-80.20462,-217.18103,-53.281548,9.0,"rgba(31, 119, 180, 0.3)"
-125.06015,-80.20462,-109.08602,-88.18872,5.5,"rgba(31, 119, 180, 0.3)"
-125.06015,-80.20462,-135.17778,-125.83064,-4.0,"rgba(214, 39, 40, 0.3)"
-125.06015,-80.20462,-96.45788,-111.0506,4.0,"rgba(31, 119, 180, 0.3)"
-182.01454,-60.39977,-147.18065,-91.776,8.0,"rgba(31, 119, 180, 0.3)"
-182.01454,-60.39977,-233.32861,-73.489784,-5.5,"rgba(214, 39, 40, 0.3)"
-182.01454,-60.39977,-188.13496,-26.869944,-4.0,"rgba(214, 39, 40, 0.3)"
-182.01454,-60.39977,-128.35324,-35.304626,4.0,"rgba(31, 119, 180, 0.3)"
-182.01454,-60.39977,-218.72076,-36.348537,4.0,"rgba(31, 119, 180, 0.3)"
-106.51035,-180.83052,-103.06737,-167.77542,4.0,"rgba(31, 119, 180, 0.3)"
-103.06737,-167.77542,-111.2322,-193.40863,-4.0,"rgba(214, 39, 40, 0.3)"
-103.06737,-167.77542,-66.648705,-176.45615,-4.0,"rgba(214, 39, 40, 0.3)"
-103.06737,-167.77542,-183.11331,-207.00961,-4.0,"rgba(214, 39, 40, 0.3)"
-127.63049,-208.24243,-156.54285,-211.76643,4.0,"rgba(31, 119, 180, 0.3)"
-127.63049,-208.24243,-133.58589,-222.06589,-4.0,"rgba(214, 39, 40, 0.3)"
-50.357998,-103.157486,-49.821747,-53.01578,5.0,"rgba(31, 119, 180, 0.3)"
-50.357998,-103.157486,-166.22974,-84.58421,-4.0,"rgba(214, 39, 40, 0.3)"
-50.357998,-103.157486,-40.54379,-114.326225,-7.0,"rgba(214, 39, 40, 0.3)"
-50.357998,-103.157486,-96.45788,-111.0506,-4.0,"rgba(214, 39, 40, 0.3)"
-73.49588,-126.43893,-123.62647,-167.71144,-7.0,"rgba(214, 39, 40, 0.3)"
-73.49588,-126.43893,-73.99613,-154.54454,-12.0,"rgba(214, 39, 40, 0.3)"
-73.49588,-126.43893,-135.17778,-125.83064,-10.0,"rgba(214, 39, 40, 0.3)"
-73.49588,-126.43893,-140.31885,-140.74556,-8.0,"rgba(214, 39, 40, 0.3)"
-73.49588,-126.43893,-162.66676,-180.90286,-4.0,"rgba(214, 39, 40, 0.3)"
-73.49588,-126.43893,-84.105644,-114.85921,-5.0,"rgba(214, 39, 40, 0.3)"
-73.49588,-126.43893,-54.530357,-149.17253,-6.0,"rgba(214, 39, 40, 0.3)"
-123.62647,-167.71144,-110.426994,-146.82512,-5.0,"rgba(214, 39, 40, 0.3)"
-123.62647,-167.71144,-207.23557,-112.67368,4.0,"rgba(31, 119, 180, 0.3)"
-123.62647,-167.71144,-173.45142,-197.3385,14.0,"rgba(31, 119, 180, 0.3)"
-123.62647,-167.71144,-176.11249,-177.70094,6.0,"rgba(31, 119, 180, 0.3)"
-123.62647,-167.71144,-162.66676,-180.90286,6.0,"rgba(31, 119, 180, 0.3)"
-123.62647,-167.71144,-107.302925,-206.50635,4.0,"rgba(31, 119, 180, 0.3)"
-123.62647,-167.71144,-165.80875,-193.99628,8.5,"rgba(31, 119, 180, 0.3)"
-123.62647,-167.71144,-53.591488,-141.23312,5.0,"rgba(31, 119, 180, 0.3)"
-123.62647,-167.71144,-190.20886,-191.54784,5.0,"rgba(31, 119, 180, 0.3)"
-123.62647,-167.71144,-202.63644,-140.65309,9.0,"rgba(31, 119, 180, 0.3)"
-123.62647,-167.71144,-184.81535,-156.0767,4.0,"rgba(31, 119, 180, 0.3)"
-123.62647,-167.71144,-171.2433,-118.19353,4.0,"rgba(31, 119, 180, 0.3)"
-123.62647,-167.71144,-74.37078,-193.89275,4.0,"rgba(31, 119, 180, 0.3)"
-73.99613,-154.54454,-140.31885,-140.74556,9.5,"rgba(31, 119, 180, 0.3)"
-135.17778,-125.83064,-182.43033,-199.48409,-4.0,"rgba(214, 39, 40, 0.3)"
-135.17778,-125.83064,-84.105644,-114.85921,4.0,"rgba(31, 119, 180, 0.3)"
-140.31885,-140.74556,-188.2004,-73.97981,-4.0,"rgba(214, 39, 40, 0.3)"
-140.31885,-140.74556,-171.2433,-118.19353,7.5,"rgba(31, 119, 180, 0.3)"
-162.66676,-180.90286,-111.2322,-193.40863,14.5,"rgba(31, 119, 180, 0.3)"
-162.66676,-180.90286,-156.54285,-211.76643,-4.0,"rgba(214, 39, 40, 0.3)"
-162.66676,-180.90286,-209.11464,-188.29393,6.25,"rgba(31, 119, 180, 0.3)"
-162.66676,-180.90286,-173.45142,-197.3385,10.0,"rgba(31, 119, 180, 0.3)"
-162.66676,-180.90286,-166.22974,-84.58421,-7.0,"rgba(214, 39, 40, 0.3)"
-162.66676,-180.90286,-202.63644,-140.65309,57.5,"rgba(31, 119, 180, 0.3)"
-162.66676,-180.90286,-84.105644,-114.85921,4.0,"rgba(31, 119, 180, 0.3)"
-162.66676,-180.90286,-183.11331,-207.00961,4.0,"rgba(31, 119, 180, 0.3)"
-84.105644,-114.85921,-68.59824,-27.058443,-4.0,"rgba(214, 39, 40, 0.3)"
-43.271255,-150.09036,-22.266434,-135.08458,-4.0,"rgba(214, 39, 40, 0.3)"
-43.271255,-150.09036,-63.6722,-151.10608,-4.0,"rgba(214, 39, 40, 0.3)"
-204.01045,-130.31418,-186.70938,-129.05598,4.75,"rgba(31, 119, 180, 0.3)"
-146.01259,-226.7062,-136.18071,-231.43202,5.0,"rgba(31, 119, 180, 0.3)"
-146.01259,-226.7062,-182.43033,-199.48409,-4.0,"rgba(214, 39, 40, 0.3)"
-107.302925,-206.50635,-186.70938,-129.05598,-4.0,"rgba(214, 39, 40, 0.3)"
-107.302925,-206.50635,-80.06584,-213.47652,-4.0,"rgba(214, 39, 40, 0.3)"
-143.59209,-110.705284,-147.18065,-91.776,-4.0,"rgba(214, 39, 40, 0.3)"
-147.18065,-91.776,-110.426994,-146.82512,4.0,"rgba(31, 119, 180, 0.3)"
-147.18065,-91.776,-149.19824,-49.638115,-4.0,"rgba(214, 39, 40, 0.3)"
-147.18065,-91.776,-171.2433,-118.19353,4.0,"rgba(31, 119, 180, 0.3)"
-137.88109,-41.079994,-222.57289,-63.861034,6.0,"rgba(31, 119, 180, 0.3)"
-137.88109,-41.079994,-109.08602,-88.18872,4.0,"rgba(31, 119, 180, 0.3)"
-222.57289,-63.861034,-223.01602,-91.838715,-4.0,"rgba(214, 39, 40, 0.3)"
-222.57289,-63.861034,-218.30759,-29.534292,4.75,"rgba(31, 119, 180, 0.3)"
-222.57289,-63.861034,-188.2004,-73.97981,6.0,"rgba(31, 119, 180, 0.3)"
-222.57289,-63.861034,-184.81535,-156.0767,11.25,"rgba(31, 119, 180, 0.3)"
-49.821747,-53.01578,-38.1417,-66.50739,-4.0,"rgba(214, 39, 40, 0.3)"
-38.1417,-66.50739,-27.603338,-63.07079,5.0,"rgba(31, 119, 180, 0.3)"
-38.1417,-66.50739,-36.311,-90.812195,8.0,"rgba(31, 119, 180, 0.3)"
-38.1417,-66.50739,-22.680454,-75.86813,4.75,"rgba(31, 119, 180, 0.3)"
-27.603338,-63.07079,-33.035408,-49.099934,5.5,"rgba(31, 119, 180, 0.3)"
-27.603338,-63.07079,-22.680454,-75.86813,-5.0,"rgba(214, 39, 40, 0.3)"
-27.603338,-63.07079,-21.501413,-96.948685,-4.0,"rgba(214, 39, 40, 0.3)"
-36.311,-90.812195,-13.847456,-76.31127,-4.5,"rgba(214, 39, 40, 0.3)"
-36.311,-90.812195,-68.59824,-27.058443,9.0,"rgba(31, 119, 180, 0.3)"
-36.311,-90.812195,-38.156197,-124.39291,-6.5,"rgba(214, 39, 40, 0.3)"
-22.680454,-75.86813,-33.035408,-49.099934,4.25,"rgba(31, 119, 180, 0.3)"
-184.81535,-156.0767,-96.36285,-160.19817,4.0,"rgba(31, 119, 180, 0.3)"
-184.81535,-156.0767,-196.56218,-196.56932,14.0,"rgba(31, 119, 180, 0.3)"
-184.81535,-156.0767,-225.6869,-142.12866,6.0,"rgba(31, 119, 180, 0.3)"
-171.2433,-118.19353,-186.70938,-129.05598,9.25,"rgba(31, 119, 180, 0.3)"
-171.2433,-118.19353,-175.24857,-102.283615,4.0,"rgba(31, 119, 180, 0.3)"
-68.59824,-27.058443,-85.73422,-4.706437,7.0,"rgba(31, 119, 180, 0.3)"
-68.59824,-27.058443,-149.19824,-49.638115,-7.0,"rgba(214, 39, 40, 0.3)"
-250.03482,-112.61822,-237.0651,-115.49119,-6.0,"rgba(214, 39, 40, 0.3)"
-250.03482,-112.61822,-239.8921,-128.51259,8.0,"rgba(31, 119, 180, 0.3)"
-110.426994,-146.82512,-224.44543,-104.78094,7.0,"rgba(31, 119, 180, 0.3)"
-110.426994,-146.82512,-66.648705,-176.45615,4.0,"rgba(31, 119, 180, 0.3)"
-224.44543,-104.78094,-234.53676,-88.781075,5.0,"rgba(31, 119, 180, 0.3)"
-224.44543,-104.78094,-202.63644,-140.65309,4.0,"rgba(31, 119, 180, 0.3)"
-177.88292,-189.99843,-176.11249,-177.70094,-4.0,"rgba(214, 39, 40, 0.3)"
-176.11249,-177.70094,-209.11464,-188.29393,-6.0,"rgba(214, 39, 40, 0.3)"
-186.70938,-129.05598,-159.15895,-113.12439,-10.5,"rgba(214, 39, 40, 0.3)"
-186.70938,-129.05598,-234.78752,-104.712425,4.0,"rgba(31, 119, 180, 0.3)"
-186.70938,-129.05598,-194.37297,-148.5533,6.0,"rgba(31, 119, 180, 0.3)"
-186.70938,-129.05598,-96.45788,-111.0506,5.0,"rgba(31, 119, 180, 0.3)"
-159.15895,-113.12439,-207.23557,-112.67368,4.75,"rgba(31, 119, 180, 0.3)"
-159.15895,-113.12439,-40.54379,-114.326225,-5.0,"rgba(214, 39, 40, 0.3)"
-159.15895,-113.12439,-122.41996,-17.63496,-6.0,"rgba(214, 39, 40, 0.3)"
-207.23557,-112.67368,-111.2322,-193.40863,10.0,"rgba(31, 119, 180, 0.3)"
-207.23557,-112.67368,-156.54285,-211.76643,7.0,"rgba(31, 119, 180, 0.3)"
-207.23557,-112.67368,-233.32861,-73.489784,-4.0,"rgba(214, 39, 40, 0.3)"
-207.23557,-112.67368,-213.85544,-101.50167,5.5,"rgba(31, 119, 180, 0.3)"
-213.21185,-177.42047,-209.11464,-188.29393,4.0,"rgba(31, 119, 180, 0.3)"
-175.24857,-102.283615,-150.27626,-32.40346,-4.0,"rgba(214, 39, 40, 0.3)"
-175.24857,-102.283615,-194.37297,-148.5533,-4.0,"rgba(214, 39, 40, 0.3)"
-40.37167,-182.39798,-34.595818,-175.18396,-8.5,"rgba(214, 39, 40, 0.3)"
-40.37167,-182.39798,-53.059563,-194.27519,4.0,"rgba(31, 119, 180, 0.3)"
-111.2322,-193.40863,-63.6722,-151.10608,4.0,"rgba(31, 119, 180, 0.3)"
-111.2322,-193.40863,-156.54285,-211.76643,25.0,"rgba(31, 119, 180, 0.3)"
-111.2322,-193.40863,-83.91298,-192.82695,-4.0,"rgba(214, 39, 40, 0.3)"
-156.54285,-211.76643,-166.36673,-224.80714,-4.0,"rgba(214, 39, 40, 0.3)"
-165.80875,-193.99628,-192.54527,-183.18443,-5.0,"rgba(214, 39, 40, 0.3)"
-192.54527,-183.18443,-209.11464,-188.29393,-4.0,"rgba(214, 39, 40, 0.3)"
-192.54527,-183.18443,-228.88693,-161.07886,-4.0,"rgba(214, 39, 40, 0.3)"
-110.84124,-130.28773,-166.22974,-84.58421,4.0,"rgba(31, 119, 180, 0.3)"
-110.84124,-130.28773,-109.08602,-88.18872,-4.0,"rgba(214, 39, 40, 0.3)"
-228.88693,-161.07886,-209.11464,-188.29393,-4.5,"rgba(214, 39, 40, 0.3)"
-228.88693,-161.07886,-215.37915,-153.38573,6.0,"rgba(31, 119, 180, 0.3)"
-228.88693,-161.07886,-183.11331,-207.00961,7.0,"rgba(31, 119, 180, 0.3)"
-228.88693,-161.07886,-244.82747,-154.18999,-4.0,"rgba(214, 39, 40, 0.3)"
-228.88693,-161.07886,-248.2099,-139.62823,-4.0,"rgba(214, 39, 40, 0.3)"
-228.88693,-161.07886,-239.8921,-128.51259,5.0,"rgba(31, 119, 180, 0.3)"
-209.11464,-188.29393,-239.8921,-128.51259,-5.0,"rgba(214, 39, 40, 0.3)"
-209.11464,-188.29393,-173.45142,-197.3385,4.0,"rgba(31, 119, 180, 0.3)"
-209.11464,-188.29393,-225.6869,-142.12866,-4.0,"rgba(214, 39, 40, 0.3)"
-183.11331,-207.00961,-190.20886,-191.54784,4.0,"rgba(31, 119, 180, 0.3)"
-248.2099,-139.62823,-239.8921,-128.51259,-8.0,"rgba(214, 39, 40, 0.3)"
-150.27626,-32.40346,-145.68398,-60.72576,-9.0,"rgba(214, 39, 40, 0.3)"
-150.27626,-32.40346,-104.98039,1.8854307,4.0,"rgba(31, 119, 180, 0.3)"
-145.68398,-60.72576,-112.640205,-7.167083,4.0,"rgba(31, 119, 180, 0.3)"
-145.68398,-60.72576,-188.2004,-73.97981,7.0,"rgba(31, 119, 180, 0.3)"
-104.98039,1.8854307,-82.13876,3.5288358,7.5,"rgba(31, 119, 180, 0.3)"
-239.8921,-128.51259,-216.84247,-168.1675,-5.0,"rgba(214, 39, 40, 0.3)"
-239.8921,-128.51259,-251.48051,-105.94761,-5.0,"rgba(214, 39, 40, 0.3)"
-218.72076,-36.348537,-196.29822,-12.7699995,-4.5,"rgba(214, 39, 40, 0.3)"
-225.6869,-142.12866,-234.53676,-88.781075,-5.0,"rgba(214, 39, 40, 0.3)"
-225.6869,-142.12866,-166.22974,-84.58421,6.0,"rgba(31, 119, 180, 0.3)"
-225.6869,-142.12866,-196.56218,-196.56932,-4.0,"rgba(214, 39, 40, 0.3)"
-38.156197,-124.39291,-40.54379,-114.326225,-4.0,"rgba(214, 39, 40, 0.3)"
-218.30759,-29.534292,-217.18103,-53.281548,4.0,"rgba(31, 119, 180, 0.3)"
-112.640205,-7.167083,-122.41996,-17.63496,4.0,"rgba(31, 119, 180, 0.3)"
-166.22974,-84.58421,-226.0472,-74.42435,4.75,"rgba(31, 119, 180, 0.3)"
-42.78029,-133.40608,-25.003979,-147.73132,5.0,"rgba(31, 119, 180, 0.3)"
-182.43033,-199.48409,-216.64677,-195.76979,-10.0,"rgba(214, 39, 40, 0.3)"
-196.29822,-12.7699995,-209.4322,-12.173757,4.0,"rgba(31, 119, 180, 0.3)"
-153.39375,-17.023321,-170.14778,7.403783,-5.0,"rgba(214, 39, 40, 0.3)"
-153.39375,-17.023321,-169.53062,-22.085382,-14.0,"rgba(214, 39, 40, 0.3)"
-74.37078,-193.89275,-60.031704,-199.7493,4.0,"rgba(31, 119, 180, 0.3)"
